<?xml version="1.0" encoding="UTF-8"?>
<project-private xmlns="http://www.netbeans.org/ns/project-private/1">
    <editor-bookmarks xmlns="http://www.netbeans.org/ns/editor-bookmarks/2" lastBookmarkId="0"/>
    <open-files xmlns="http://www.netbeans.org/ns/projectui-open-files/2">
        <group>
            <file>file:/C:/Users/isaac/OneDrive/Documentos/_My_Projects/SpaceInvaders/SpaceInvaders/src/spaceinvaders/ScreenFXMLController.java</file>
            <file>file:/C:/Users/isaac/OneDrive/Documentos/_My_Projects/SpaceInvaders/SpaceInvaders/src/spaceinvaders/SpaceInvaders.java</file>
            <file>file:/C:/Users/isaac/OneDrive/Documentos/_My_Projects/SpaceInvaders/SpaceInvaders/src/ElementSystem/Coordinates.java</file>
            <file>file:/C:/Users/isaac/OneDrive/Documentos/_My_Projects/SpaceInvaders/SpaceInvaders/src/ElementSystem/AliensMatrix.java</file>
            <file>file:/C:/Users/isaac/OneDrive/Documentos/_My_Projects/SpaceInvaders/SpaceInvaders/src/ElementSystem/Bullet.java</file>
            <file>file:/C:/Users/isaac/OneDrive/Documentos/_My_Projects/SpaceInvaders/SpaceInvaders/src/ElementSystem/Cannon.java</file>
            <file>file:/C:/Users/isaac/OneDrive/Documentos/_My_Projects/SpaceInvaders/SpaceInvaders/src/Engine/Game.java</file>
            <file>file:/C:/Users/isaac/OneDrive/Documentos/_My_Projects/SpaceInvaders/SpaceInvaders/src/ElementSystem/Move.java</file>
            <file>file:/C:/Users/isaac/OneDrive/Documentos/_My_Projects/SpaceInvaders/SpaceInvaders/src/ElementSystem/Spaceship.java</file>
        </group>
    </open-files>
</project-private>
